1_2025-04-14_12-01-14_pbK09FCm.html,http://6nhmgdpnyoljh5uzr5kwlatx2u3diou4ldeommfxjz3wkhalzgjqxzqd.onion/,2025-04-14_12-01-14
2_2025-04-14_12-01-17_Ui4uZlVl.html,http://6nhmgdpnyoljh5uzr5kwlatx2u3diou4ldeommfxjz3wkhalzgjqxzqd.onion/index.htm,2025-04-14_12-01-17
1_2025-04-14_17-23-36_Sv5RoLba.html,http://6nhmgdpnyoljh5uzr5kwlatx2u3diou4ldeommfxjz3wkhalzgjqxzqd.onion/,2025-04-14_17-23-36
2_2025-04-14_17-23-38_XH2h5wAA.html,http://6nhmgdpnyoljh5uzr5kwlatx2u3diou4ldeommfxjz3wkhalzgjqxzqd.onion/index.htm,2025-04-14_17-23-38
2_2025-04-14_17-23-48_8L0dlojp.html,http://keybase5wmilwokqirssclfnsqrjdsi7jdir5wy7y7iu3tanwmtp6oid.onion/,2025-04-14_17-23-48
3_2025-04-14_17-23-49_cbM7Cy6N.html,http://keybase5wmilwokqirssclfnsqrjdsi7jdir5wy7y7iu3tanwmtp6oid.onion/,2025-04-14_17-23-49
3_2025-04-14_17-23-49_n7oVmkBC.html,http://keybase5wmilwokqirssclfnsqrjdsi7jdir5wy7y7iu3tanwmtp6oid.onion/download,2025-04-14_17-23-49
2_2025-04-14_17-23-49_b3ewARQV.html,http://2jwcnprqbugvyi6ok2h2h7u26qc6j5wxm7feh3znlh2qu3h6hjld4kyd.onion/,2025-04-14_17-23-49
3_2025-04-14_17-23-52_Zzlpsq8K.html,http://2jwcnprqbugvyi6ok2h2h7u26qc6j5wxm7feh3znlh2qu3h6hjld4kyd.onion/,2025-04-14_17-23-52
4_2025-04-14_17-23-54_ROLVb4BY.html,http://keybase5wmilwokqirssclfnsqrjdsi7jdir5wy7y7iu3tanwmtp6oid.onion/download,2025-04-14_17-23-54
2_2025-04-14_17-23-54_xMCZsyaZ.html,http://prjd5pmbug2cnfs67s3y65ods27vamswdaw2lnwf45ys3pjl55h2gwqd.onion/,2025-04-14_17-23-54
2_2025-04-14_17-23-54_VATJRlrT.html,http://y22arit74fqnnc2pbieq3wqqvkfub6gnlegx3cl6thclos4f7ya7rvad.onion/,2025-04-14_17-23-54
2_2025-04-14_17-23-54_BUhtWDjA.html,http://wbz2lrxhw4dd7h5t2wnoczmcz5snjpym4pr7dzjmah4vi6yywn37bdyd.onion/,2025-04-14_17-23-54
2_2025-04-14_17-23-54_4mHDoxGc.html,http://k6m3fagp4w4wspmdt23fldnwrmknse74gmxosswvaxf3ciasficpenad.onion/,2025-04-14_17-23-54
3_2025-04-14_17-23-54_Kd2eZdod.html,http://y22arit74fqnnc2pbieq3wqqvkfub6gnlegx3cl6thclos4f7ya7rvad.onion/,2025-04-14_17-23-54
4_2025-04-14_17-23-54_kTiOYKIg.html,http://keybase5wmilwokqirssclfnsqrjdsi7jdir5wy7y7iu3tanwmtp6oid.onion/docs/secadv,2025-04-14_17-23-54
2_2025-04-14_17-23-54_9T6aMVLu.html,http://jhi4v5rjly75ggha26cu2eeyfhwvgbde4w6d75vepwxt2zht5sqfhuqd.onion/,2025-04-14_17-23-54
2_2025-04-14_17-23-54_PzertXQ8.html,http://hqfld5smkr4b4xrjcco7zotvoqhuuoehjdvoin755iytmpk4sm7cbwad.onion/,2025-04-14_17-23-54
3_2025-04-14_17-23-54_maRjwK8W.html,http://hqfld5smkr4b4xrjcco7zotvoqhuuoehjdvoin755iytmpk4sm7cbwad.onion/,2025-04-14_17-23-54
3_2025-04-14_17-23-54_igrTKZor.html,http://jhi4v5rjly75ggha26cu2eeyfhwvgbde4w6d75vepwxt2zht5sqfhuqd.onion/,2025-04-14_17-23-54
2_2025-04-14_17-23-54_0fMJiUXK.html,http://enxx3byspwsdo446jujc52ucy2pf5urdbhqw3kbsfhlfjwmbpj5smdad.onion/,2025-04-14_17-23-54
3_2025-04-14_17-23-54_NUGkATft.html,http://okayd5ljzdv4gzrtiqlhtzjbflymfny2bxc2eacej3tamu2nyka7bxad.onion/,2025-04-14_17-23-54
3_2025-04-14_17-23-54_D0IJcwba.html,http://enxx3byspwsdo446jujc52ucy2pf5urdbhqw3kbsfhlfjwmbpj5smdad.onion/,2025-04-14_17-23-54
2_2025-04-14_17-23-54_XohYzuBt.html,http://okayd5ljzdv4gzrtiqlhtzjbflymfny2bxc2eacej3tamu2nyka7bxad.onion/,2025-04-14_17-23-54
2_2025-04-14_17-23-54_oUDsuPzj.html,http://rfyb5tlhiqtiavwhikdlvb3fumxgqwtg2naanxtiqibidqlox5vispqd.onion/,2025-04-14_17-23-54
2_2025-04-14_17-23-54_aDnEbAnG.html,http://7mejofwihleuugda5kfnr7tupvfbaqntjqnfxc4hwmozlcmj2cey3hqd.onion/,2025-04-14_17-23-54
2_2025-04-14_17-23-54_Zj99u9zy.html,http://ymvhtqya23wqpez63gyc3ke4svju3mqsby2awnhd3bk2e65izt7baqad.onion/,2025-04-14_17-23-54
3_2025-04-14_17-23-54_GcQ4BPgh.html,http://ymvhtqya23wqpez63gyc3ke4svju3mqsby2awnhd3bk2e65izt7baqad.onion/,2025-04-14_17-23-54
2_2025-04-14_17-24-01_2Z9GiaIu.html,http://mp3fpv6xbrwka4skqliiifoizghfbjy5uyu77wwnfruwub5s4hly2oid.onion/,2025-04-14_17-24-01
2_2025-04-14_17-24-01_GCympKDc.html,http://guzjgkpodzshso2nohspxijzk5jgoaxzqioa7vzy6qdmwpz3hq4mwfid.onion/,2025-04-14_17-24-01
2_2025-04-14_17-24-01_1jtUqZPz.html,http://rxmyl3izgquew65nicavsk6loyyblztng6puq42firpvbe32sefvnbad.onion/,2025-04-14_17-24-01
2_2025-04-14_17-24-01_4HxRbkbA.html,http://t43fsf65omvf7grt46wlt2eo5jbj3hafyvbdb7jtr2biyre5v24pebad.onion/,2025-04-14_17-24-01
2_2025-04-14_17-24-01_YxVLgcqr.html,http://lldan5gahapx5k7iafb3s4ikijc4ni7gx5iywdflkba5y2ezyg6sjgyd.onion/,2025-04-14_17-24-01
2_2025-04-14_17-24-01_2L1Yj4PB.html,http://stormwayszuh4juycoy4kwoww5gvcu2c4tdtpkup667pdwe4qenzwayd.onion/,2025-04-14_17-24-01
2_2025-04-14_17-24-01_1clA9xai.html,http://p53lf57qovyuvwsc6xnrppyply3vtqm7l6pcobkmyqsiofyeznfu5uqd.onion/,2025-04-14_17-24-01
2_2025-04-14_17-24-01_aE3XTFvS.html,http://wk3mtlvp2ej64nuytqm3mjrm6gpulix623abum6ewp64444oreysz7qd.onion/,2025-04-14_17-24-01
2_2025-04-14_17-24-01_uzz55GWi.html,http://zsxjtsgzborzdllyp64c6pwnjz5eic76bsksbxzqefzogwcydnkjy3yd.onion/,2025-04-14_17-24-01
2_2025-04-14_17-24-01_eKkBPczl.html,http://danielas3rtn54uwmofdo3x2bsdifr47huasnmbgqzfrec5ubupvtpid.onion/,2025-04-14_17-24-01
2_2025-04-14_17-24-01_7pcwVW54.html,http://iwggpyxn6qv3b2twpwtyhi2sfvgnby2albbcotcysd5f7obrlwbdbkyd.onion/,2025-04-14_17-24-01
5_2025-04-14_17-24-01_WUIyRCG1.html,http://keybase5wmilwokqirssclfnsqrjdsi7jdir5wy7y7iu3tanwmtp6oid.onion/docs/the_app/install_macos,2025-04-14_17-24-01
2_2025-04-14_17-24-01_wgPHzwwZ.html,http://p2qzxkca42e3wccvqgby7jrcbzlf6g7pnkvybnau4szl5ykdydzmvbid.onion/,2025-04-14_17-24-01
5_2025-04-14_17-24-01_WLsKVNFI.html,http://keybase5wmilwokqirssclfnsqrjdsi7jdir5wy7y7iu3tanwmtp6oid.onion/jobs,2025-04-14_17-24-01
3_2025-04-14_17-24-02_uETINuRe.html,http://zsxjtsgzborzdllyp64c6pwnjz5eic76bsksbxzqefzogwcydnkjy3yd.onion/,2025-04-14_17-24-02
2_2025-04-14_17-24-02_aEL2BD5u.html,http://ajlu6mrc7lwulwakojrgvvtarotvkvxqosb4psxljgobjhureve4kdqd.onion/,2025-04-14_17-24-02
2_2025-04-14_17-24-02_0xgDaPHi.html,http://jgwe5cjqdbyvudjqskaajbfibfewew4pndx52dye7ug3mt3jimmktkid.onion/,2025-04-14_17-24-02
2_2025-04-14_17-24-02_PEKv1RUV.html,http://kl4gp72mdxp3uelicjjslqnpomqfr5cbdd3wzo5klo3rjlqjtzhaymqd.onion/,2025-04-14_17-24-02
2_2025-04-14_17-24-02_l5asYmol.html,http://nv3x2jozywh63fkohn5mwp2d73vasusjixn3im3ueof52fmbjsigw6ad.onion/,2025-04-14_17-24-02
3_2025-04-14_17-24-02_S9djLriw.html,http://p2qzxkca42e3wccvqgby7jrcbzlf6g7pnkvybnau4szl5ykdydzmvbid.onion/,2025-04-14_17-24-02
3_2025-04-14_17-24-02_iw5shm78.html,http://s4k4ceiapwwgcm3mkb6e4diqecpo7kvdnfr5gg7sph7jjppqkvwwqtyd.onion/,2025-04-14_17-24-02
2_2025-04-14_17-24-02_ZdeqeuhX.html,http://xdkriz6cn2avvcr2vks5lvvtmfojz2ohjzj4fhyuka55mvljeso2ztqd.onion/,2025-04-14_17-24-02
2_2025-04-14_17-24-02_ewshsqNh.html,http://lqcjo7esbfog5t4r4gyy7jurpzf6cavpfmc4vkal4k2g4ie66ao5mryd.onion/,2025-04-14_17-24-02
2_2025-04-14_17-24-02_XIAROs7r.html,http://s4k4ceiapwwgcm3mkb6e4diqecpo7kvdnfr5gg7sph7jjppqkvwwqtyd.onion/,2025-04-14_17-24-02
3_2025-04-14_17-24-02_HVPT3581.html,http://s57divisqlcjtsyutxjz2ww77vlbwpxgodtijcsrgsuts4js5hnxkhqd.onion/,2025-04-14_17-24-02
2_2025-04-14_17-24-02_bRMA5RyX.html,http://gd5x24pjoan2pddc2fs6jlmnqbawq562d2qyk6ym4peu5ihzy6gd4jad.onion/,2025-04-14_17-24-02
2_2025-04-14_17-24-02_Se1AiiVW.html,http://2ln3x7ru6psileh7il7jot2ufhol4o7nd54z663xonnnmmku4dgkx3ad.onion/,2025-04-14_17-24-02
2_2025-04-14_17-24-02_foVBPVrd.html,http://uescqfrcztbhb6tmhdlbejrjfwgtpckcoiwmwq5bfq5hhkwfioan7qad.onion/,2025-04-14_17-24-02
2_2025-04-14_17-24-02_QJ9AMGLB.html,http://ovai7wvp4yj6jl3wbzihypbq657vpape7lggrlah4pl34utwjrpetwid.onion/,2025-04-14_17-24-02
2_2025-04-14_17-24-02_M4PwwYRq.html,http://s57divisqlcjtsyutxjz2ww77vlbwpxgodtijcsrgsuts4js5hnxkhqd.onion/,2025-04-14_17-24-02
2_2025-04-14_17-24-02_xcLkPvyW.html,http://55niksbd22qqaedkw36qw4cpofmbxdtbwonxam7ov2ga62zqbhgty3yd.onion/,2025-04-14_17-24-02
2_2025-04-14_17-24-02_ZQkxE9zo.html,http://jbtb75gqlr57qurikzy2bxxjftzkmanynesmoxbzzcp7qf5t46u7ekqd.onion/,2025-04-14_17-24-02
2_2025-04-14_17-24-02_H4PsMsfp.html,http://n6qisfgjauj365pxccpr5vizmtb5iavqaug7m7e4ewkxuygk5iim6yyd.onion/,2025-04-14_17-24-02
2_2025-04-14_17-24-02_eqKbyBjU.html,http://odahix2ysdtqp4lgak4h2rsnd35dmkdx3ndzjbdhk3jiviqkljfjmnqd.onion/,2025-04-14_17-24-02
3_2025-04-14_17-24-02_qPLDCzE1.html,http://jbtb75gqlr57qurikzy2bxxjftzkmanynesmoxbzzcp7qf5t46u7ekqd.onion/,2025-04-14_17-24-02
2_2025-04-14_17-24-02_f2wxFzHT.html,http://xykxv6fmblogxgmzjm5wt6akdhm4wewiarjzcngev4tupgjlyugmc7qd.onion/,2025-04-14_17-24-02
2_2025-04-14_17-24-02_1pvx8ACC.html,http://3bp7szl6ehbrnitmbyxzvcm3ieu7ba2kys64oecf4g2b65mcgbafzgqd.onion/,2025-04-14_17-24-02
2_2025-04-14_17-24-02_xGJ4g4Ov.html,http://xf2gry25d3tyxkiu2xlvczd3q7jl6yyhtpodevjugnxia2u665asozad.onion/,2025-04-14_17-24-02
3_2025-04-14_17-24-02_Km6a5ZGX.html,http://enxx3byspwsdo446jujc52ucy2pf5urdbhqw3kbsfhlfjwmbpj5smdad.onion/news/res/28383.html,2025-04-14_17-24-02
2_2025-04-14_17-24-02_zfv9pDET.html,http://usmost4cbpesx552s2s4ti3c4nk2xgiu763vhcs3b4uc4ppp3zwnscyd.onion/,2025-04-14_17-24-02
